No;Tipe_Soal;Job_Function;Tipe_Test;Job_Position;Module;Sub_Module_Learning_Point;Technical_Competency;Level_Competency;Question;A;B;C;D;Answer
1;pilihanganda;SALES;Quiz;SO;NEOP SALES USED CAR / NEW CAR;Apa yang dikerjakan?;;;Berikut adalah jenis dealer  dihandle oleh Sales officer new car adalah sebagai berikut, kecuali;Dealer Direct;Dealer Indirect;Showroom mobil bekas;Semua benar;C
2;pilihanganda;SALES;Quiz;SO;NEOP SALES USED CAR / NEW CAR;Apa yang dikerjakan?;;;Product yang dihandle oleh Sales Officer Multiguna adalah, kecuali ..;ACC Primary;ACC Flexi;ACC Priority;ACC Win;A
3;pilihanganda;SALES;Quiz;SO;NEOP SALES USED CAR / NEW CAR;Apa yang dikerjakan?;;;Yang merupakan Job Description dari  Sales Officer adalah ;Menjaga relasi dengan dealer ;Mencari aplikasi dari dealer rekanan;Menjaga kualitas booking;Semua benar;D
4;pilihanganda;SALES;Quiz;SO;NEOP SALES USED CAR / NEW CAR;Apa yang dikerjakan?;;;yang bukan merupakan target dari Sales Officer  antara lain ;First nine payment default (F9PD);Account Finance;Amount Finance;Unit Valid;B
5;pilihanganda;SALES;Quiz;SO;NEOP SALES USED CAR / NEW CAR;Apa yang dikerjakan?;;;Penjualan Dhika 9 bulan terakhir berjumlah 100 unit, pada akhir bulan Dhika memiliki 5 customer yang menunggak lebih dari 7 hari. Berapakah actual F9PD Dhika?;5%;95%;7%;9%;A
6;pilihanganda;SALES;Quiz;SO;NEOP SALES USED CAR / NEW CAR;Apa yang dikerjakan?;;;Budi calon customer ACC mengajukan kredit mobil. Harga mobil tersebut adalah 100 juta dan Budi membayar DP sebesar 25 juta. Berapakah Pokok Hutang dari aplikasi budi?;100 Jt;25 Jt;75 Jt;125 Jt;C
7;pilihanganda;SALES;Quiz;SO;NEOP SALES USED CAR / NEW CAR;Produk apa yang dijual ?;;;Berikut adalah asuransi yang bisa dicover oleh ACC, kecuali ..;Asuransi  Kendaraan;Asuransi Perlindungan Jiwa;A dan B benar;A dan B salah;C
8;pilihanganda;SALES;Quiz;SO;NEOP SALES USED CAR / NEW CAR;Produk apa yang dijual ?;;;Tabel patokan harga mobil yang digunakan oleh sales used car dalam pengajuan aplikasi adalah ;Tabel OTR;Tabel MRP;Tabel PDC;Tabel Diskon;B
9;pilihanganda;SALES;Quiz;SO;NEOP SALES USED CAR / NEW CAR;Produk apa yang dijual ?;;;Pada dealer direct, angka yang menunjukan kontribusi ACC pada dealer tersebut adalah;MSTR;MSCP;DO Kredit;DO ACC;B
10;pilihanganda;SALES;Quiz;SO;NEOP SALES USED CAR / NEW CAR;Produk apa yang dijual ?;;;Perbandingan antara Aplikasi valid ACC dibandingkan dengan total DO Dealer disebut dengan ;MSTR;MSCP;Interest;ACP;A
11;pilihanganda;SALES;Quiz;SO;NEOP SALES USED CAR / NEW CAR;Produk apa yang dijual ?;;;Perjanjian pembiayaan syariah dengan jaminan fidusia disebut ;PPJF;Akad Hutang Piutang;Murabahah;Perjanjian Jaminan Fidusia;C
12;pilihanganda;SALES;Quiz;SO;NEOP SALES USED CAR / NEW CAR;Produk apa yang dijual ?;;;Luxury Car merupakan pembiayaan kredit dengan nilai OTR sejumlah;> 500 Juta untuk new car;> 350 Juta untuk used car;semua jawaban benar;semua jawaban Salah;C
13;pilihanganda;SALES;Quiz;SO;NEOP SALES USED CAR / NEW CAR;Produk apa yang dijual ?;;;Salah satu dokumen yang tidak wajib diminta kepada customer untuk melengkapi persyaratan kredit adalah;KTP  ;NPWP;Cover Tabungan;Rekening Listrik;D
14;pilihanganda;SALES;Quiz;SO;NEOP SALES USED CAR / NEW CAR;Bagaimana cara berjualan ?;;;Asuransi ACP (ACC Credit Protection) memberikan perlindungan terhadap .. , kecuali;Perlindungan Kematian;Perlindungan Penyakit tertentu;Perlindungan Kecelakaan;Perlindungan Kendaraan;D
15;pilihanganda;SALES;Quiz;SO;NEOP SALES USED CAR / NEW CAR;Bagaimana cara berjualan ?;;;yang tidak termasuk dalam Prinsip 3M dalam mejalin hubungan dengan dealer adalah;Mendapatkan;Menjaga;Mengembangkan;Menghargai;D
16;pilihanganda;SALES;Quiz;SO;NEOP SALES USED CAR / NEW CAR;Bagaimana cara berjualan ?;;;"Budi mengajukan kredit dengan kondisi sebagai berikut :
OTR: 100 Juta
DP 30%
Tenor : 3 Tahun
Bunga jual :  10% /tahun

Berapakah pokok Hutang Budi ?
";70 Juta;100 Juta;10 Juta;30 Juta;A
17;pilihanganda;SALES;Quiz;SO;NEOP SALES USED CAR / NEW CAR;Bagaimana cara berjualan ?;;;"
Budi mengajukan kredit dengan kondisi sebagai berikut :
OTR: 100 Juta
DP 30%
Tenor : 3 Tahun
Bunga jual :  10% /tahun

Berapakah biaya Bunga pada aplikasi Budi ?
";30 Juta;21 Juta;10 Juta;9 Juta;B
18;pilihanganda;SALES;Quiz;SO;NEOP SALES USED CAR / NEW CAR;Bagaimana cara berjualan ?;;;"Budi mengajukan kredit dengan kondisi sebagai berikut :
OTR: 100 Juta
DP 30%
Tenor : 3 Tahun
Bunga jual :  10% /tahun

Berapakah angsuran Budi perbulannya?
";2.527.778;3.361.111;2.777.778;1.944.444;A
19;pilihanganda;SALES;Quiz;SO;NEOP SALES USED CAR / NEW CAR;Bagaimana cara berjualan ?;;;"Untuk mencari besarnya biaya asuransi kendaraan maka cara perhitungannya adalah %rate asuransi dikali dengan ..
"; MRP ; OTR ; Pokok Hutang ; Bunga ;B
20;pilihanganda;SALES;Quiz;SO;NEOP SALES USED CAR / NEW CAR;Bagaimana cara berjualan ?;;;"Untuk mencari besarnya biaya asuransi ACP maka cara perhitungannya adalah %rate asuransi dikali dengan ..
"; MRP ; OTR ; Pokok Hutang ; Bunga ;C
21;pilihanganda;SALES;Quiz;SO;NEOP SALES USED CAR / NEW CAR;Bagaimana cara berjualan ?;;;Yang wajib menandatangani FAP antara lain ;co-borrower;Dealer;Penjamin; Guarantor ;B
22;pilihanganda;SALES;Quiz;SO;NEOP SALES USED CAR / NEW CAR;Bagaimana cara berjualan ?;;;Menggali informasi customer di awal adalah tahapan dalam proses ;AAV;Pra analisa;greeting call; Desk Call ;B
23;pilihanganda;SALES;Quiz;SO;NEOP SALES USED CAR / NEW CAR;Bagaimana cara berjualan ?;;;Usia minimal calon customer yang sudah menikah adalah ;21 Tahun;17 Tahun;18 Tahun; 20 Tahun ;c
24;pilihanganda;SALES;Quiz;SO;NEOP SALES USED CAR / NEW CAR;Bagaimana cara berjualan ?;;;BPKB beda nama, antara keponakan dengan Bibi/Paman, dengan syarat harus approval sampai siapa ?;RODH;RROH;BM; COO ;b 
25;pilihanganda;SALES;Quiz;SO;NEOP SALES USED CAR / NEW CAR;Bagaimana proses taksasi ?;;;"Pentingnya taksasi kendaraan pada proses aplikasi used car adalah 
"; Memastikan kelayakan mobil yang dibiayai ; Menghindari sengketa hukum di kemudian hari ; Memastikan dokumen kendaraan lengkap dan masih berlaku ; Semua benar ;D
26;pilihanganda;SALES;Quiz;SO;NEOP SALES USED CAR / NEW CAR;Bagaimana proses taksasi ?;;;Salah satu bagian interior mobil yang dicek pada saat taksasi adalah; Ban ; Bemper ; Fender ; Kilometer ;D
27;pilihanganda;General ;Quiz;ALL;WELCOMING KIT;Yuk, kenalan dengan ASTRA dan ACC;;;Visi, misi, dan nilai-nilai ACC adalah sebagai berikut:;"""Become the first choice financing company with total solution.""
To promote credit for better living
Customer satisfaction, quality, teamwork, integrity""";"""Become the first choice financing company with complete solution.
To promote credit for better living
Customer orientation, quality, teamwork, integrity""";"""Become the first total solution financing company
To promote credit for a living
Customer satisfaction, quality, teamwork, integrity""";"""Become the first choice financing solution.
To promote credit for better living
Customer satisfaction, quality, teamwork, integrity""";A
28;pilihanganda;General ;Quiz;ALL;WELCOMING KIT;Yuk, kenalan dengan ASTRA dan ACC;;;Salah satu dalam ACC Values adalah Customer Satisfaction. Berikut ini yang termasuk dalam key behaviour Customer Satisfaction kecuali:;Memastikan proses interaksi yang menyenangkan dan mengesankan;Proaktif memberikan solusi secara tuntas;Belajar dari yang terbaik dan selalu berusaha mencapai yang lebih baik;Memenuhi janji secara bertanggung jawab;C
29;pilihanganda;General ;Quiz;ALL;WELCOMING KIT;Yuk, kenalan dengan ASTRA dan ACC;;;Berikut ini adalah Catur Dharma ASTRA, kecuali:;Menjadi milik yang bermanfaat bagi bangsa dan negara;Sejahtera bersama bangsa;Memberikan pelayanan yang terbaik kepada pelanggan;Saling menghargai dan bekerja sama;B
30;pilihanganda;General ;Quiz;ALL;WELCOMING KIT;Yuk, kenalan dengan ASTRA dan ACC;;;Berikut ini adalah bidang usaha dan beberapa perusahaan yang bergerak di bidang usaha tersebut, kecuali:;Otomotif: Isuzu, BMW, Astra Otoparts, ASPIRA;Agribusiness: Astra Agro Lestari, PAMA;Heavy equipment: UT,PAMA, Komatsu;Infrastructure & logistic: Sera, TRAC, Palyja, MTN;B
31;pilihanganda;General ;Quiz;ALL;WELCOMING KIT;Yuk, kenalan dengan ASTRA dan ACC;;;Astra Internasional didirikan pada;20-Feb-57;15-Jul-82;17-Aug-57;16-Feb-82;A
32;pilihanganda;General ;Quiz;ALL;WELCOMING KIT;Yuk, kenalan dengan ASTRA dan ACC;;;Berikut ini adalah penjabaran dari Quality secara tepat adalah:;Proses yang cepat dan akurat dengan mentalitas perbaikan secara terus menerus untuk hasil yang terukur dan terbaik;Selalu melakukan evaluasi sehingga prosesnya dapat berjalan dengan akurat dan menghasilkan yang terbaik;Proses dilakukan dengan benar sejak awal dan dipantau secara berkala sehingga sesuai dengan target yang ditetapkan bahkan melampaui;Selalu melakukan perbandingan dengan yang terbaik dan mendapatkan pembelajaran sehingga selalu dapat dilakukan perbaikan ke arah yang lebih baik;A
33;pilihanganda;General ;Quiz;ALL;WELCOMING KIT;Yuk, kenalan dengan ASTRA dan ACC;;;Dalam Etika Bisnis, terdapat unsur PELANGGAN. Pelanggan bagi ACC adalah berikut,kecuali:;Dealer;Customer;Masyarakat;Vendor;C
34;pilihanganda;General ;Quiz;ALL;WELCOMING KIT;Yuk, kenalan dengan ASTRA dan ACC;;;Yang merupakan product dari ACC adalah;Mobil;Multiguna;Pembiayaan mobil bekas;B dan C benar;b
35;pilihanganda;General ;Quiz;ALL;WELCOMING KIT;Yuk, kenalan dengan ASTRA dan ACC;;;Salah satu lini Bisnis Astra adalah ;Perbankan ;Agribisnis ;A dan B benar ;Consumer goods ;b
36;pilihanganda;General ;Quiz;ALL;WELCOMING KIT;Yuk, kenalan dengan ASTRA dan ACC;;;Ciri perusahaan pembiayaan, antara lain ;Keuntungan berdasarkan jumlah yang berhasil terjual ;keuntungan berdasarkan bunga ;Tanpa andanya pengelolaan piutang ;;b
37;pilihanganda;General ;Quiz;ALL;WELCOMING KIT;Yuk, kenalan dengan ASTRA dan ACC;;;Salah satu PT yang menjadi struktur Grup ACC;PT. Swadharma Bhakti Staco Finance;PT. Pratama Selaras Finance ;PT. Sedaya Estika Selaras Finance ;PT. Swadharma Bhakti Sedaya Finance ;d
38;pilihanganda;General ;Quiz;ALL;WELCOMING KIT;Yuk, kenalan dengan ASTRA dan ACC;;;COO pada tahun 2019 adalah ;Ezar Kumendong ;Tan Chian Hok;Siswadi ;Hendry Christian Wong ;a
39;pilihanganda;General ;Quiz;ALL;WELCOMING KIT;Yuk, kenalan dengan ASTRA dan ACC;;;ACC Core Activities adalah ;HC, Sales, Operation, Risk ;Sales, Underwriting, Marketing, Cabang;Sales, Underwriting, AR, Service;tidak ada yang benar ;c
40;pilihanganda;General ;Quiz;ALL;WELCOMING KIT;EBEK, AFMS dan PMN;;;Tolak ukur dalam membentuk budaya di ACC yang menjadi inti adalah ;ACC Values ;Visi & Misi ACC;Catur Dharma ;Satu Indonesia ;c
41;pilihanganda;General ;Quiz;ALL;WELCOMING KIT;EBEK, AFMS dan PMN;;;Salah satu yang dimaksud pihak luar/ eksternal dari Etika bisnis adalah ;Afiliasi ;Karyawan ;Perusahaan ;Atasan ;a
42;benar_salah;General ;Quiz;ALL;WELCOMING KIT;EBEK, AFMS dan PMN;;;Etika kerja adalah interaksi yang terjadi dalam perusahaan dimana terjadi antara perusahaan dengan karyawan, hubungan karyawan dengan perusahaan dan hubungan antar karyawan ;;;;;benar 
43;benar_salah;General ;Quiz;ALL;WELCOMING KIT;EBEK, AFMS dan PMN;;;Etika bisnis adalah interaksi yang terjadi dalam perusahaan dimana terjadi antara perusahaan dengan karyawan, hubungan karyawan dengan perusahaan dan hubungan antar karyawan ;;;;;salah
44;pilihanganda;General ;Quiz;ALL;WELCOMING KIT;EBEK, AFMS dan PMN;;;Dampak dari Fraud antara lain ;Ancaman kebangkrutan ;semua benar ;Timbulnya kerugian perusahaan ;reputasi ;b 
45;pilihanganda;General ;Quiz;ALL;WELCOMING KIT;EBEK, AFMS dan PMN;;;AFMS di ACC  dibentuk pada tahun ;2009;2019;2010;2007;c
46;pilihanganda;General ;Quiz;ALL;WELCOMING KIT;EBEK, AFMS dan PMN;;;Seluruh perusahaan pembiayaan wajib memiliki Fraud Control System, ini adalah peraturan OJK pada nomor ;35 tahun 2018;35 tahun 2010;37 tahun 2018;37 tahun 2010;a
47;pilihanganda;General ;Quiz;ALL;WELCOMING KIT;EBEK, AFMS dan PMN;;;Sarana yang sudah disediakan untuk melaporkan segala tindak kecurangan dan deteksi adanya fraud di ACC bisa dilakukan di ;telepon ext compliance ;sms division head audit & compliance ;YUNA ;ACC Whistle ;d
48;pilihanganda;General ;Quiz;ALL;WELCOMING KIT;EBEK, AFMS dan PMN;;;Batas transaksi menggunakan uang tunai yang wajib dilaporkan ke PPATK adalah senilai ;?250 juta ;? 500 Juta ;? 750 Juta ;? 100 Juta ;c
49;pilihanganda;General ;Quiz;ALL;WELCOMING KIT;EBEK, AFMS dan PMN;;;Apa sanksi yang diberikan jika pihak ACC tidak melaporkan adanya transaksi ? 500 Juta ? ;SP 3 ;Pencabutan izin usaha ;PHK ;denda administratif ;d
50;pilihanganda;General ;Quiz;ALL;WELCOMING KIT;New Employee Starter Kit;;;Akses digital learning bisa dilakukan melalui ;Aplikasi ACC Digilibrary;website ACC Digilibrary ;ACC Perfect ;A dan B benar;d
51;pilihanganda;General ;Quiz;ALL;WELCOMING KIT;New Employee Starter Kit;;;Cek in - dan cek out ;Talents ;Oracle ;ACC Perfect ;ACC Learning ;a
52;pilihanganda;General ;Quiz;ALL;WELCOMING KIT;New Employee Starter Kit;;;untuk mencari istilah yang ada di ACC bisa dicari di ;ACCPedia ;ACCMe;ACC Perfect ;ACCIT Center;a
53;pilihanganda;General ;Quiz;ALL;WELCOMING KIT;New Employee Starter Kit;;;Komponen PH Murni + dengan biaya Asuransi menghasilkan ;PH Murni;Pokok hutang ;AR ;Nilai angsuran ;b
54;pilihanganda;General ;Quiz;ALL;WELCOMING KIT;New Employee Starter Kit;;;Cetak surat PKWT bisa dilakukan melalui ;Talents ;Oracle ;ACC Perfect ;ACC Learning ;a
55;pilihanganda;General ;Quiz;ALL;WELCOMING KIT;Yang perlu kamu tahu tentang ACC;;;Dalam pasal 108 ayat (1) dalam UU ketenagakerjaan menyebutkan bahwa Pengusaha yang memperkerjakan pekerja/buruh sekurang-kurangnya 10 (sepuluh) orang wajib membuat peraturan perusahaan yang mulai berlaku setelah disahkan oleh Menteri atau pejabat yang ditunjuk. Ini merupakan definisi dari ;Peraturan perusahaan ;Dasar hukum ;Etika Bisnis ;Etika Kerja ;b
56;pilihanganda;General ;Quiz;ALL;WELCOMING KIT;Yang perlu kamu tahu tentang ACC;;;Persyaratan umum minimal memperkerjakan karyawan baru adalah berusia ;17 Tahun ;18 Tahun ;16 Tahun ;19 Tahun ;b
57;pilihanganda;General ;Quiz;ALL;WELCOMING KIT;Yang perlu kamu tahu tentang ACC;;;Rudi baru bergabung di ACC per Maret 2020, Berapa yang akan diterima oleh Nesya pada saat penerimaan THR di bulan mei ?;Tidak dapat THR ;1/3 X Gaji Pokok ;2/3 X Gaji Pokok ;1 X Gaji Pokok ;b
58;pilihanganda;General ;Quiz;ALL;WELCOMING KIT;Yang perlu kamu tahu tentang ACC;;;Karyawan yang pulang sebelum waktunya lebih dari 5 (lima) sampai dengan 10 (sepuluh) kali dalam sebulan tanpa ijin tertulis dari atasannya, akan diberikan peringatan berupa;Surat Peringatan 1;Surat Peringatan 2;Surat Peringatan 3;Surat Teguran ;a
59;pilihanganda;General ;Quiz;ALL;WELCOMING KIT;Yang perlu kamu tahu tentang ACC;;;Penghargaan purna bakti diberikan kepada karyawan yang ;mempunyai masa kerja 10 Tahun ;mempunyai masa kerja 20 Tahun ;mempunyai masa kerja sampai batas usia  kerja;mempunyai masa kerja 25 Tahun ;c
60;pilihanganda;General ;Quiz;ALL;WELCOMING KIT;Yang perlu kamu tahu tentang ACC;;;Warna Hijau identik dengan ACC Values ;Integrity ;Customer Satisfaction ;Teamwork;Quality;c
61;pilihanganda;General ;Quiz;ALL;WELCOMING KIT;Yang perlu kamu tahu tentang ACC;;;Value ACC - Quality identik dengan warna…;Merah ;Biru ;Kuning ;Hijau ;a
62;pilihanganda;General ;Quiz;ALL;WELCOMING KIT;Yang perlu kamu tahu tentang ACC;;;Berani mengungkapkan adalah key behaviour dalam …. ;Quality ;Teamwork ;Customer Satisfaction ;Integrity ;d
63;pilihanganda;General ;Quiz;ALL;WELCOMING KIT;Do & Don't Komunikasi via Telepon;;;Surat Peringatan 2 memiliki konsekuensi.. ;hasil penilaian secara negatif ;mempengaruhi kenaikan golongan;pemutusan pekerjaan ;proses mutasi ;b
64;pilihanganda;General ;Quiz;ALL;WELCOMING KIT;Do & Don't Komunikasi via Telepon;;;Standar dalam mengangkat telepon di ACC, antara lain ;Mengucapkan Nama ;Mengucapkan salam ;A dan B benar ;Menyebutkan PT pembiayaan di ACC;b
65;pilihanganda;General ;Quiz;ALL;WELCOMING KIT;Do & Don't Komunikasi via Telepon;;;Nomor telepon Kontak ACC adalah ;1500-599;1500-589;1500-405;1500-559;a
66;pilihanganda;General ;Quiz;ALL;WELCOMING KIT;Do & Don't Komunikasi via Telepon;;;Unsur komunikasi dalam telepon, antara lain ;Intonasi ;Sikap ;Itikad;Semua benar ;a
67;pilihanganda;SALES;Quiz;SO;NEOP SALES USED CAR / NEW CAR;Produk apa yang dijual ?;;;Dealer yang menjual mobil baru dengan merek Honda, Mazda, Nissan disebut dengan ;Dealer New Car;Dealer Direct;Dealer Indirect ;Dealer NONA;d
68;pilihanganda;SALES;Quiz;SO;NEOP SALES USED CAR / NEW CAR;Produk apa yang dijual ?;;;Dealer yang menjual mobil bekas dengan merek Toyota, Isuzu, Daihatsu  disebut dengan ;Dealer Direct-Used ;Dealer Indirect-Used ;Dealer Used Astra ;Dealer Used ;d
69;benar_salah;SALES;Quiz;SO;NEOP SALES USED CAR / NEW CAR;Produk apa yang dijual ?;;;Dealer Direct adalah dealer yang dimiliki oleh Astra dan menjual produk Astra;;;;;benar 
70;pilihanganda;SALES;Quiz;SO;NEOP SALES USED CAR / NEW CAR;Produk apa yang dijual ?;;;Armada International motor menjual mobil baru dengan merek yang dimiliki oleh Astra, maka disebut dengan dealer ;Direct ;Indirect;Used ;NONA;c
71;pilihanganda;SALES;Quiz;SO;NEOP SALES USED CAR / NEW CAR;Produk apa yang dijual ?;;;MSCP biasa dipakai untuk menghitung DO Kredit ACC pada dealer ;Direct ;Indirect;Used ;NONA;a
72;pilihanganda;SALES;Quiz;SO;NEOP SALES USED CAR / NEW CAR;Produk apa yang dijual ?;;;MSTR biasa dipakai untuk menghitung DO Kredit ACC pada dealer ;Direct ;Indirect;Used ;NONA;b
73;pilihanganda;SALES;Quiz;SO;NEOP SALES USED CAR / NEW CAR;Produk apa yang dijual ?;;;Target MSCP Toyota pada tahun 2020 adalah ;40%;60%;65%;50%;a
74;pilihanganda;SALES;Quiz;SO;NEOP SALES USED CAR / NEW CAR;Produk apa yang dijual ?;;;Target MSCP Daihatsu pada tahun 2020 adalah ;40%;60%;65%;50%;b
75;pilihanganda;SALES;Quiz;SO;NEOP SALES USED CAR / NEW CAR;Produk apa yang dijual ?;;;Persentasi jumlah valid ACC dibandingkan total DO di dealer rumus  ? ;MSCP ;MSTR ;MSCB ;MSTP ;b
76;pilihanganda;SALES;Quiz;SO;NEOP SALES USED CAR / NEW CAR;Produk apa yang dijual ?;;;Yang termasuk prinsip syariah, adalah ;Keadilan ;Keterbukaan ;semua jawaban benar;universal ;c
77;pilihanganda;SALES;Quiz;SO;NEOP SALES USED CAR / NEW CAR;Produk apa yang dijual ?;;;Sumber pendanaan untuk pembiayaan syariah adalah ;Bank Asing ;Bank konvensional ;Bank Syariah ;Bank Daerah ;c
78;pilihanganda;SALES;Quiz;SO;NEOP SALES USED CAR / NEW CAR;Produk apa yang dijual ?;;;Keuntungan dalam pembiayaan syariah dikenal dengan istilah ;Margin keuntungan ;Murabahah ;Bunga ;Ta'zir ;b
79;pilihanganda;SALES;Quiz;SO;NEOP SALES USED CAR / NEW CAR;Bagaimana proses taksasi ?;;;Sesuai ketetapan taksasi ACC, ada berapa syarat foto yang ada dalam taksasi?;9;10;11;12;c
80;pilihanganda;SALES;Quiz;SO;NEOP SALES USED CAR / NEW CAR;Bagaimana proses taksasi ?;;;Sesuai ketetapan taksasi ACC, ada berapa syarat foto yang ada dalam taksasi?;9;10;11;12;c
81;pilihanganda;SALES;Quiz;SO;NEOP SALES USED CAR / NEW CAR;Bagaimana proses taksasi ?;;;Berikut ini yang tidak termasuk dalam tahapan dalam melakukan taksasi kendaraan adalah;Cek Harga Pasar;Isi FAP;Cek Kondisi Unit;Upload Galeri Taksasi;B
82;pilihanganda;SALES;Quiz;SO;NEOP SALES USED CAR / NEW CAR;Bagaimana proses taksasi ?;;;Berikut ini yang tidak termasuk dalam tahapan dalam melakukan taksasi kendaraan adalah;Cek Harga Pasar;Isi FAP;Cek Kondisi Unit;Upload Galeri Taksasi;B
83;pilihanganda;SALES;Quiz;SO;NEOP SALES USED CAR / NEW CAR;Bagaimana proses taksasi ?;;;Dalam taksasi unit, gesekan nomor yang diperlukan adalah..;Nomor rangka dan nomor mesin;Nomor polisi;Nomor jumlah kilometer;Nomor ban;a
84;pilihanganda;SALES;Quiz;SO;NEOP SALES USED CAR / NEW CAR;Bagaimana proses taksasi ?;;;Dalam taksasi unit, gesekan nomor yang diperlukan adalah..;Nomor rangka dan nomor mesin;Nomor polisi;Nomor jumlah kilometer;Nomor ban;a
85;pilihanganda;SALES;Quiz;SO;NEOP Sales Multiguna ;Produk apa yang dijual ?;;;Dealer yang menjual mobil baru dengan merek Honda, Mazda, Nissan disebut dengan ;Dealer New Car;Dealer Direct;Dealer Indirect ;Dealer NONA;d
86;pilihanganda;SALES;Quiz;SO;NEOP Sales Multiguna ;Produk apa yang dijual ?;;;Dealer yang menjual mobil bekas dengan merek Toyota, Isuzu, Daihatsu  disebut dengan ;Dealer Direct-Used ;Dealer Indirect-Used ;Dealer Used Astra ;Dealer Used ;d
87;benar_salah;SALES;Quiz;SO;NEOP Sales Multiguna ;Produk apa yang dijual ?;;;Dealer Direct adalah dealer yang dimiliki oleh Astra dan menjual produk Astra;;;;;benar 
88;pilihanganda;SALES;Quiz;SO;NEOP Sales Multiguna ;Produk apa yang dijual ?;;;Armada International motor menjual mobil baru dengan merek yang dimiliki oleh Astra, maka disebut dengan dealer ;Direct ;Indirect;Used ;NONA;c
89;pilihanganda;SALES;Quiz;SO;NEOP Sales Multiguna ;Produk apa yang dijual ?;;;MSCP biasa dipakai untuk menghitung DO Kredit ACC pada dealer ;Direct ;Indirect;Used ;NONA;a
90;pilihanganda;SALES;Quiz;SO;NEOP Sales Multiguna ;Produk apa yang dijual ?;;;MSTR biasa dipakai untuk menghitung DO Kredit ACC pada dealer ;Direct ;Indirect;Used ;NONA;b
91;pilihanganda;SALES;Quiz;SO;NEOP Sales Multiguna ;Produk apa yang dijual ?;;;Target MSCP Toyota pada tahun 2020 adalah ;40%;60%;65%;50%;a
92;pilihanganda;SALES;Quiz;SO;NEOP Sales Multiguna ;Produk apa yang dijual ?;;;Target MSCP Daihatsu pada tahun 2020 adalah ;40%;60%;65%;50%;b
93;pilihanganda;SALES;Quiz;SO;NEOP Sales Multiguna ;Produk apa yang dijual ?;;;Persentasi jumlah valid ACC dibandingkan total DO di dealer rumus  ? ;MSCP ;MSTR ;MSCB ;MSTP ;b
94;pilihanganda;SALES;Quiz;SO;NEOP Sales Multiguna ;Produk apa yang dijual ?;;;Yang termasuk prinsip syariah, adalah ;Keadilan ;Keterbukaan ;semua jawaban benar;universal ;c
95;pilihanganda;SALES;Quiz;SO;NEOP Sales Multiguna ;Produk apa yang dijual ?;;;Sumber pendanaan untuk pembiayaan syariah adalah ;Bank Asing ;Bank konvensional ;Bank Syariah ;Bank Daerah ;c
96;pilihanganda;SALES;Quiz;SO;NEOP Sales Multiguna ;Produk apa yang dijual ?;;;Keuntungan dalam pembiayaan syariah dikenal dengan istilah ;Margin keuntungan ;Murabahah ;Bunga ;Ta'zir ;b
97;pilihanganda;SALES;Quiz;SO;NEOP Sales Multiguna ;Bagaimana proses taksasi ?;;;Sesuai ketetapan taksasi ACC, ada berapa syarat foto yang ada dalam taksasi?;9;10;11;12;c
98;pilihanganda;SALES;Quiz;SO;NEOP Sales Multiguna ;Bagaimana proses taksasi ?;;;Sesuai ketetapan taksasi ACC, ada berapa syarat foto yang ada dalam taksasi?;9;10;11;12;c
99;pilihanganda;SALES;Quiz;SO;NEOP Sales Multiguna ;Bagaimana proses taksasi ?;;;Berikut ini yang tidak termasuk dalam tahapan dalam melakukan taksasi kendaraan adalah;Cek Harga Pasar;Isi FAP;Cek Kondisi Unit;Upload Galeri Taksasi;B
100;pilihanganda;SALES;Quiz;SO;NEOP Sales Multiguna ;Bagaimana proses taksasi ?;;;Berikut ini yang tidak termasuk dalam tahapan dalam melakukan taksasi kendaraan adalah;Cek Harga Pasar;Isi FAP;Cek Kondisi Unit;Upload Galeri Taksasi;B
101;pilihanganda;SALES;Quiz;SO;NEOP Sales Multiguna ;Bagaimana proses taksasi ?;;;Dalam taksasi unit, gesekan nomor yang diperlukan adalah..;Nomor rangka dan nomor mesin;Nomor polisi;Nomor jumlah kilometer;Nomor ban;a
102;pilihanganda;SALES;Quiz;SO;NEOP Sales Multiguna ;Bagaimana proses taksasi ?;;;Dalam taksasi unit, gesekan nomor yang diperlukan adalah..;Nomor rangka dan nomor mesin;Nomor polisi;Nomor jumlah kilometer;Nomor ban;a
103;pilihanganda;services;Quiz;CSO;NEOP CSO;Apa yang dikerjakan? ;;;Perubahan isi kontrak karena adanya perubahan unit yang dibiayai disebut dengan ;Amandemen Ganti Unit ;Amandemen PPHK;Amandemen Rescheduling ;Amandemen ganti mobil ;a
104;pilihanganda;services;Quiz;CSO;NEOP CSO;Apa yang dikerjakan? ;;;Pengalihan kontrak dari nasabah lama ke nasabah baru yang akan melanjutkan pembayaran secara kredit disebut;Amandemen Ganti Unit ;Amandemen PPHK;Amandemen Rescheduling ;Prepayment;b
105;pilihanganda;services;Quiz;CSO;NEOP CSO;Apa yang dikerjakan? ;;;PH x rate baru x tenor adalah rumus untuk mencari ;Nilai Pokok Hutang ;Nilai bunga baru ;Nilai Angsuran Baru ;Nilai AR baru ;b 
106;benar_salah;services;Quiz;CSO;NEOP CSO;Apa yang dikerjakan? ;;;Cabang handling adalah cabang yang akan menangani customer jika overdue ;;;;;benar 
107;pilihanganda;services;Quiz;CSO;NEOP CSO;Apa yang dikerjakan? ;;;Morning huddle pada fungsi service di cabang dilakukan setiap hari kerja pada jam ;07.30;07.45;07.50;08.00;benar 
108;pilihanganda;services;Quiz;CSO;NEOP CSO;Apa yang dikerjakan? ;;;Yang menjadi parameter service care pada BPKB Custodian, antara lain  ;SP BPKB > 90 ;BPKB in < 90 ;BPKB Out > 90 hari ;A & C Benar ;benar 
109;pilihanganda;services;Quiz;CSO;NEOP CSO;Apa yang perlu dikerjakan ?;;;Salah satu proses penangan keluhan di ACC adalah melalui ;ACC Care ;ACCMe;ACC Perfect ;Kontak ACC;benar 
110;pilihanganda;services;Quiz;CSO;NEOP CSO;Apa yang perlu dikerjakan ?;;;ada 3 jenis asuransi kendaraan di ACC, antara lain : ;Kombinasi ;Single;Monthly ;Semua benar ;salah
111;pilihanganda;services;Quiz;CSO;NEOP CSO;Apa yang perlu dikerjakan ?;;;Jenis Asuransi TLO (Total Loss Only) akan dapat di klaim ketika ;75% dari Nilai kerusakan mobil ;Seluruh kerusakan mobil dapat ditanggung ;Hanya interior luar yang bisa di klaim ;semua benar;a
112;benar_salah;services;Quiz;CSO;NEOP CSO;Apa yang perlu dikerjakan ?;;;Salah satu syarat keikutsertaan ACP adalah nilai total kredit (AR) dari satu atau beberapa kontrak maksimal 750 juta ;;;;;benar 
113;pilihanganda;services;Quiz;CSO;NEOP CSO;Gimana cara pelayanan CSO ?;;;Sikap responsif yang harus dimiliki CSO, antara lain ;Informatif ;mempermudah ;mempercepat ;menawarkan WIN ;a
114;pilihanganda;services;Quiz;CSO;NEOP CSO;Gimana cara pelayanan CSO ?;;;yang harus dilakukan oleh CSO pada saat proses pengambilan BPKB dengan menggunakan surat kuasa adalah ;Mengkonfirmasi customer dalam waktu maksimal 1 x 24 jam ;Mengkonfirmasi customer via telepon sebelum penyerahan BPKB ;Memeriksa hubungan antara customer dengan penerima kuasa ;Menawarkan produk lain ACC ;b
115;pilihanganda;services;Quiz;CSO;NEOP CSO;Gimana cara pelayanan CSO ?;;;Prosedur perpanjang STNK untuk perusahaan antara lain ;Fotokopi TDP ;Fotokopi SIUP ;Pembayaran harus 100% dari nilai simulasi perpanjang STNK ;semua benar;d
116;pilihanganda;services;Quiz;CSO;NEOP CSO;Gimana cara pelayanan CSO ?;;;Prosedur perpanjang STNK untuk perorangan antara lain ;STNK Asli ;Fotokopi TDP ;Fotokopi SIUP ;semua benar;a
117;pilihanganda;services;Quiz;TELLER;NEOP TELLER CASH,PDC & FAB;Apa  yang dikerjakan? ;;;Perubahan isi kontrak karena adanya perubahan unit yang dibiayai disebut dengan ;Amandemen Ganti Unit ;Amandemen PPHK;Amandemen Rescheduling ;Amandemen ganti mobil ;a
118;pilihanganda;services;Quiz;TELLER;NEOP TELLER CASH,PDC & FAB;Apa  yang dikerjakan? ;;;Pengalihan kontrak dari nasabah lama ke nasabah baru yang akan melanjutkan pembayaran secara kredit disebut;Amandemen Ganti Unit ;Amandemen PPHK;Amandemen Rescheduling ;Prepayment;b
119;pilihanganda;services;Quiz;TELLER;NEOP TELLER CASH,PDC & FAB;Apa  yang dikerjakan? ;;;PH x rate baru x tenor adalah rumus untuk mencari ;Nilai Pokok Hutang ;Nilai bunga baru ;Nilai Angsuran Baru ;Nilai AR baru ;b 
120;pilihanganda;services;Quiz;TELLER;NEOP TELLER CASH,PDC & FAB;Apa  yang dikerjakan? ;;;Penalty prepayment sebesar 7% ini berlaku untuk kontrak valid di tanggal ;sebelum 31 Maret 2015 ;Sebelum 1 Maret 2015 ;Setelah 1 Maret 2015;Setelah 1 Maret 2017;c
121;benar_salah;services;Quiz;TELLER;NEOP TELLER CASH,PDC & FAB;Apa  yang dikerjakan? ;;;Cabang handling adalah cabang yang akan menangani customer jika overdue ;;;;;benar 
122;pilihanganda;services;Quiz;TELLER;NEOP TELLER CASH,PDC & FAB;Apa  yang dikerjakan? ;;;Morning huddle pada fungsi service di cabang dilakukan setiap hari kerja pada jam ;07.30;07.45;07.50;08.00;b
123;pilihanganda;services;Quiz;TELLER;NEOP TELLER CASH,PDC & FAB;Apa  yang dikerjakan? ;;;Yang menjadi parameter service care pada BPKB Custodian, antara lain  ;SP BPKB > 90 ;BPKB in < 90 ;BPKB Out > 90 hari ;A & C Benar ;d
124;pilihanganda;services;pretest;TELLER;NEOP TELLER CASH,PDC & FAB;Apa sih Teller Cash, PDC dan FAB?;;;Morning huddle pada fungsi service di cabang dilakukan setiap hari kerja pada jam ;07.30;07.45;07.50;08.00;b
125;benar_salah;services;pretest;TELLER;NEOP TELLER CASH,PDC & FAB;Apa sih Teller Cash, PDC dan FAB?;;;Peran Teller adalah P3E, yaitu Pembayaran Angsuran, Pembayaran Prepayment, Pembayaran lainnya, dan Edukasi ;;;;;benar 
126;pilihanganda;services;pretest;TELLER;NEOP TELLER CASH,PDC & FAB;Apa sih Teller Cash, PDC dan FAB?;;;Denda akibat keterlamabatan dalam pembayaran angsuran adalah;0.3% per hari ;0.3% per keterlambatan ;0.5% per hari ;0.5% per keterlambatan ;c
127;pilihanganda;services;pretest;TELLER;NEOP TELLER CASH,PDC & FAB;Apa sih Teller Cash, PDC dan FAB?;;;Menu yang digunakan oleh Teller untuk menerima pembayaran Angsuran adalah ;AOL + AA ;AOL + AM ;AOL + STNK ;AOL + COLL ;b
128;pilihanganda;services;pretest;TELLER;NEOP TELLER CASH,PDC & FAB;Apa sih Teller Cash, PDC dan FAB?;;;Status CRI (Collateral Receiveable In) adalah ;Initiate penarikan unit ;Unit masuk pool ;Unit siap jual ;Cetak SK ;b
129;pilihanganda;services;pretest;TELLER;NEOP TELLER CASH,PDC & FAB;Apa sih Teller Cash, PDC dan FAB?;;;Status CRC (Collateral Receiveable Closed) adalah ;Unit Terjual ;Initiate penarikan unit ;Unit masuk pool ;Unit siap jual ;a
130;pilihanganda;services;pretest;TELLER;NEOP TELLER CASH,PDC & FAB;Apa sih Teller Cash, PDC dan FAB?;;;Unit sudah di eksekusi dan customer belum menyelesaikan sisa hutangnya, statusnya di AOL adalah ;CRI ;CRA;CRC;CRL ;a
131;benar_salah;services;pretest;TELLER;NEOP TELLER CASH,PDC & FAB;Apa sih Teller Cash, PDC dan FAB?;;;Uang kartal adalah alat yang sah yang digunakan sebagai pengganti uang karena lebih praktis dan ekonomis. Tetapi tidak berlaku mutlak sebagai alat pengukur karena dapat ditolak  tanpa adanya sanksi hukum ;;;;;benar 
132;pilihanganda;services;pretest;TELLER;NEOP TELLER CASH,PDC & FAB;Apa sih Teller Cash, PDC dan FAB?;;;Beikut ini termasuk kliring debet, kecuali ;Cek ;Bilyet Giro ;Transfer LLG ;Nota Debit ;c
133;benar_salah;services;pretest;TELLER;NEOP TELLER CASH,PDC & FAB;Apa sih Teller Cash, PDC dan FAB?;;;Giro boleh dikirimkan customer melalui pos atau paket ;;;;;salah
134;pilihanganda;services;pretest;TELLER;NEOP TELLER CASH,PDC & FAB;Apa sih Teller Cash, PDC dan FAB?;;;Diskon Denda dalam otoritas OH adalah sebesar ;Maksimal 150.000 dan jika > 150.000, maksimal 10% ;Maksimal 100.000 dan jika > 100.000, maksimal 5% ;Maksimal 200.000 dan jika > 200.000, maksimal 15% ;Maksimal 300.000 dan jika > 300.000, maksimal 20% ;c
135;pilihanganda;services;pretest;TELLER;NEOP TELLER CASH,PDC & FAB;Apa sih Teller Cash, PDC dan FAB?;;;Diskon Denda dalam otoritas Service Head  adalah sebesar ;Maksimal 150.000 dan jika > 150.000, maksimal 10% ;Maksimal 100.000 dan jika > 100.000, maksimal 5% ;Maksimal 200.000 dan jika > 200.000, maksimal 15% ;Maksimal 300.000 dan jika > 300.000, maksimal 20% ;b
136;pilihanganda;SALES;Quiz;SO;NEOP Sales Multiguna ;Apa yang dikerjakan?;;;Berikut adalah jenis dealer  dihandle oleh Sales officer new car adalah sebagai berikut, kecuali;Dealer Direct;Dealer Indirect;Showroom mobil bekas;Semua benar;C
137;pilihanganda;SALES;Quiz;SO;NEOP Sales Multiguna ;Apa yang dikerjakan?;;;Product yang dihandle oleh Sales Officer Multiguna adalah, kecuali ..;ACC Primary;ACC Flexi;ACC Priority;ACC Win;A
138;pilihanganda;SALES;Quiz;SO;NEOP Sales Multiguna ;Apa yang dikerjakan?;;;Yang merupakan Job Description dari  Sales Officer adalah ;Menjaga relasi dengan dealer ;Mencari aplikasi dari dealer rekanan;Menjaga kualitas booking;Semua benar;D
139;pilihanganda;SALES;Quiz;SO;NEOP Sales Multiguna ;Apa yang dikerjakan?;;;yang bukan merupakan target dari Sales Officer  antara lain ;First nine payment default (F9PD);Account Finance;Amount Finance;Unit Valid;B
140;pilihanganda;SALES;Quiz;SO;NEOP Sales Multiguna ;Apa yang dikerjakan?;;;Penjualan Dhika 9 bulan terakhir berjumlah 100 unit, pada akhir bulan Dhika memiliki 5 customer yang menunggak lebih dari 7 hari. Berapakah actual F9PD Dhika?;5%;95%;7%;9%;A
141;pilihanganda;SALES;Quiz;SO;NEOP Sales Multiguna ;Apa yang dikerjakan?;;;Budi calon customer ACC mengajukan kredit mobil. Harga mobil tersebut adalah 100 juta dan Budi membayar DP sebesar 25 juta. Berapakah Pokok Hutang dari aplikasi budi?;100 Jt;25 Jt;75 Jt;125 Jt;C
142;pilihanganda;SALES;Quiz;SO;NEOP Sales Multiguna ;Bagaimana cara berjualan ?;;;Asuransi ACP (ACC Credit Protection) memberikan perlindungan terhadap .. , kecuali;Perlindungan Kematian;Perlindungan Penyakit tertentu;Perlindungan Kecelakaan;Perlindungan Kendaraan;D
143;pilihanganda;SALES;Quiz;SO;NEOP Sales Multiguna ;Bagaimana cara berjualan ?;;;yang tidak termasuk dalam Prinsip 3M dalam mejalin hubungan dengan dealer adalah;Mendapatkan;Menjaga;Mengembangkan;Menghargai;D
144;pilihanganda;SALES;Quiz;SO;NEOP Sales Multiguna ;Bagaimana cara berjualan ?;;;"
Budi mengajukan kredit dengan kondisi sebagai berikut :
OTR: 100 Juta
DP 30%
Tenor : 3 Tahun
Bunga jual :  10% /tahun

Berapakah pokok Hutang Budi ?
";70 Juta;100 Juta;10 Juta;30 Juta;A
145;pilihanganda;SALES;Quiz;SO;NEOP Sales Multiguna ;Bagaimana cara berjualan ?;;;"
Budi mengajukan kredit dengan kondisi sebagai berikut :
OTR: 100 Juta
DP 30%
Tenor : 3 Tahun
Bunga jual :  10% /tahun

Berapakah biaya Bunga pada aplikasi Budi ?
";30 Juta;21 Juta;10 Juta;9 Juta;B
146;pilihanganda;SALES;Quiz;SO;NEOP Sales Multiguna ;Bagaimana cara berjualan ?;;;"
Budi mengajukan kredit dengan kondisi sebagai berikut :
OTR: 100 Juta
DP 30%
Tenor : 3 Tahun
Bunga jual :  10% /tahun

Berapakah angsuran Budi perbulannya?
";2.527.778;3.361.111;2.777.778;1.944.444;A
147;pilihanganda;SALES;Quiz;SO;NEOP Sales Multiguna ;Bagaimana cara berjualan ?;;;"Untuk mencari besarnya biaya asuransi kendaraan maka cara perhitungannya adalah %rate asuransi dikali dengan ..
"; MRP ; OTR ; Pokok Hutang ; Bunga ;B
148;pilihanganda;SALES;Quiz;SO;NEOP Sales Multiguna ;Bagaimana cara berjualan ?;;;"Untuk mencari besarnya biaya asuransi ACP maka cara perhitungannya adalah %rate asuransi dikali dengan ..
"; MRP ; OTR ; Pokok Hutang ; Bunga ;C
149;pilihanganda;SALES;Quiz;SO;NEOP Sales Multiguna ;Bagaimana cara berjualan ?;;;Yang wajib menandatangani FAP antara lain ;co-borrower;Dealer;Penjamin; Guarantor ;B
150;pilihanganda;SALES;Quiz;SO;NEOP Sales Multiguna ;Bagaimana cara berjualan ?;;;Menggali informasi customer di awal adalah tahapan dalam proses ;AAV;Pra analisa;greeting call; Desk Call ;B
151;pilihanganda;SALES;Quiz;SO;NEOP Sales Multiguna ;Bagaimana cara berjualan ?;;;Usia minimal calon customer yang sudah menikah adalah ;21 Tahun;17 Tahun;18 Tahun; 20 Tahun ;c
152;pilihanganda;SALES;Quiz;SO;NEOP Sales Multiguna ;Bagaimana cara berjualan ?;;;BPKB beda nama, antara keponakan dengan Bibi/Paman, dengan syarat harus approval sampai siapa ?;RODH;RROH;BM; COO ;b 
153;pilihanganda;UNDERWRITING ;Quiz;CA;NEOP CREDIT ANALYST ;Apa yang dikerjakan? ;;;Penggalian informasi secara khusus untuk pembiayaan Syariah antara lain ;Tujuan penggunaan unit ;pekerjaan ;Usaha customer ;Semua benar;d
154;pilihanganda;UNDERWRITING ;Quiz;CA;NEOP CREDIT ANALYST ;Apa yang dikerjakan? ;;;Untukpenggunaan unit  pembiayaan unit Syariah, unit tidak diperbolehkan untuk ;Angkut batu bara ;Transportasi umum ;Usaha rental ;Angkut minuman keras;d
155;pilihanganda;UNDERWRITING ;Quiz;CA;NEOP CREDIT ANALYST ;Apa yang dikerjakan? ;;;Dalam ketentuan survey, total pengajuan ? 5 unit reguler yang wajib melakukan survey adalah ;Surveyor ;BUH ;RCCA;Surveyor dan BUH ;d
156;benar_salah;UNDERWRITING ;Quiz;CA;NEOP CREDIT ANALYST ;Apa yang dikerjakan? ;;;F9PD Snapshot adalah KPI dari Credit Analyst ;;;;;salah
157;pilihanganda;UNDERWRITING ;Quiz;CA;NEOP CREDIT ANALYST ;Apa yang dikerjakan? ;;;Usia minimal calon customer ACC yang paling tepat  adalah ;21 Tahun ;17 tahun jika sudah menikah ;16 Tahun jika sudah menikah ;22 Tahun ;a
158;pilihanganda;UNDERWRITING ;Quiz;CA;NEOP CREDIT ANALYST ;Apa yang dikerjakan? ;;;Pengajuan BPKB beda nama dengan nama customer ACC (menggunakan nama mertua) approval ;OH;BM;RROH;RODH ;c
159;pilihanganda;UNDERWRITING ;Quiz;CA;NEOP CREDIT ANALYST ;Apa yang dikerjakan? ;;;Pengajuan BPKB beda nama dengan nama customer ACC (menggunakan nama teman kantor ) approval ;OH;BM;RROH;RODH ;d
160;pilihanganda;UNDERWRITING ;Quiz;CA;NEOP CREDIT ANALYST ;Apa yang dikerjakan? ;;;Aturan DP untuk unit produktif & Non Produktif adalah ;15%;20%;25%;30%;b
161;pilihanganda;UNDERWRITING ;Quiz;CA;NEOP CREDIT ANALYST ;Apa yang dikerjakan? ;;;Aturan Skema kredit untuk retail regular antara lain : ;Total AR ? 1.5 M ;Total AR ? 3 M;Total AR ? 5 M;Total AR ? 1 M;a
162;pilihanganda;UNDERWRITING ;Quiz;CA;NEOP CREDIT ANALYST ;Apa yang dikerjakan? ;;;Yang dapat melakukan monitoring pemakaian cap override di cabang adalah ;SOH ;SH ;BM ;BM dan OH ;d
163;pilihanganda;UNDERWRITING ;Quiz;CA;NEOP CREDIT ANALYST ;Apa yang dikerjakan? ;;;Penentuan batas cap override cabang adalah ;performance booking ;performance override ;performance berdasarkan F9PD ;semua benar ;d 
164;pilihanganda;UNDERWRITING ;Quiz;CA;NEOP CREDIT ANALYST ;Apa aja yang harus diperhatikan ? ;;;Prinsip Analisa Kredit antara lain adalah ;Capacity ;Character;Condition ;semua benar ;d
165;pilihanganda;UNDERWRITING ;Quiz;CA;NEOP CREDIT ANALYST ;Apa aja yang harus diperhatikan ? ;;;kemampuan Customer untuk membayar angsuran, masuk dalam prinsip kredit … ;Capacity ;Character;Condition ;Collateral ;a
166;pilihanganda;UNDERWRITING ;Quiz;CA;NEOP CREDIT ANALYST ;Apa aja yang harus diperhatikan ? ;;;"Analisa dari seluruh ASET/HARTA YANG DIMILIKI sebagai hasil dari usaha yang dilakukan
dan juga seluruh ASET OPERASIONAL yang digunakan dalam kegiatan usaha";Capacity ;Character;Collateral;Capital ;d
167;pilihanganda;UNDERWRITING ;Quiz;CA;NEOP CREDIT ANALYST ;Apa aja yang harus diperhatikan ? ;;;"Jaminan yang diberikan sebagai cara untuk memperkecil risiko yang ditanggung
oleh kreditur";Capacity ;Character;Collateral;Capital ;c
168;pilihanganda;UNDERWRITING ;Quiz;CA;NEOP CREDIT ANALYST ;Apa aja yang harus diperhatikan ? ;;;"Faktor eksternal yang mempengaruhi kemampuan debitur memenuhi kewajiban
kreditnya.";Capacity ;Character;Condition ;Collateral ;c
169;pilihanganda;UNDERWRITING ;Quiz;CA;NEOP CREDIT ANALYST ;Apa aja yang harus diperhatikan ? ;;;"Reputasi debitur, pengalaman, dan nilai-nilai etika yang mengambarkan watak
dan itikad debitur";Capacity ;Character;Condition ;Collateral ;b
170;pilihanganda;UNDERWRITING ;Quiz;CA;NEOP CREDIT ANALYST ;Apa aja yang harus diperhatikan ? ;;;Yang termasuk pihak ke3 dalam tahapan survey untuk kategori perorangan adalah ;Tetangga ;Mertua ;Anak ;semua benar;a
171;pilihanganda;UNDERWRITING ;Quiz;CA;NEOP CREDIT ANALYST ;Apa aja yang harus diperhatikan ? ;;;pada proses survey, dalam parameter rumah, ada 3 fokus yang harus diperhatikan yaitu ;Kondisi rumah ;Akses ;Lingkungan ;semua benar;d
172;pilihanganda;UNDERWRITING ;Quiz;SURVEYOR ;NEOP SURVEYOR;Apa aja yang dikerjakan ? ;;;Max AR customer RO/AO  dalam pengajuan kredit yang wajib dilakukan survey by phone adalah sebesar ;350 Juta ;500 juta ;300 Juta ;250 Juta ;b
173;pilihanganda;UNDERWRITING ;Quiz;SURVEYOR ;NEOP SURVEYOR;Apa aja yang dikerjakan ? ;;;IM yang mengatur proses survey dan AAV (Auto Asset Verification) ;IM No: 001/RDH/VI/2011;IM No: 001/FMA/VI/2011;IM No: 002/FMA/I/2011;IM No: 002/RDH/I/2011;a
174;pilihanganda;UNDERWRITING ;Quiz;SURVEYOR ;NEOP SURVEYOR;Apa aja yang dikerjakan ? ;;;IM yang mengatur survey dan analisa segmen khusus unit reguler ;IM No: 001/RDH/IM/VI/2011;IM No: 001/FMA/IM/VI/2011;IM No: 002/FMA/IM/I/2011;IM No: 002/RDH/IM/I/2011;c
175;pilihanganda;UNDERWRITING ;Quiz;SURVEYOR ;NEOP SURVEYOR;Apa aja yang dikerjakan ? ;;;Berikut merupakan salah satu mekanisme yang wajib untuk pengambilan unit Pick Up atau Truck ;Surveyor bertemu langsung dengan calon customer ;Survey usaha di lokasi usaha/ lokasi dimana unit akan digunakan ;semua jawaban benar;Meminta dokumen keuangan atau dokumen lainnya yang setara;c
176;pilihanganda;UNDERWRITING ;Quiz;SURVEYOR ;NEOP SURVEYOR;Apa aja yang dikerjakan ? ;;;Untukpenggunaan unit  pembiayaan unit Syariah, unit tidak diperbolehkan untuk ;Angkut batu bara ;Transportasi umum ;Usaha rental ;Angkut minuman keras;d
177;pilihanganda;UNDERWRITING ;Quiz;SURVEYOR ;NEOP SURVEYOR;Apa aja yang dikerjakan ? ;;;Dalam ketentuan survey, total pengajuan ? 5 unit reguler yang wajib melakukan survey adalah ;Surveyor ;BUH ;RCCA;Surveyor dan BUH ;d
178;pilihanganda;UNDERWRITING ;Quiz;SURVEYOR ;NEOP SURVEYOR;Apa aja yang dikerjakan ? ;;;Tujuan melakukan survey antara lain ;Kesempatan untuk melihat karakter calon customer;Credit Background ;Cek aset yang dimilliki calon customer ;Semua benar ;d
179;pilihanganda;UNDERWRITING ;Quiz;SURVEYOR ;NEOP SURVEYOR;Apa aja yang harus diperhatikan ? ;;;Prinsip Analisa Kredit antara lain adalah ;Capacity ;Character;Condition ;semua benar ;d
180;pilihanganda;UNDERWRITING ;Quiz;SURVEYOR ;NEOP SURVEYOR;Apa aja yang harus diperhatikan ? ;;;kemampuan Customer untuk membayar angsuran, masuk dalam prinsip kredit … ;Capacity ;Character;Condition ;Collateral ;a
181;pilihanganda;UNDERWRITING ;Quiz;SURVEYOR ;NEOP SURVEYOR;Apa aja yang harus diperhatikan ? ;;;"Analisa dari seluruh ASET/HARTA YANG DIMILIKI sebagai hasil dari usaha yang dilakukan
dan juga seluruh ASET OPERASIONAL yang digunakan dalam kegiatan usaha";Capacity ;Character;Collateral;Capital ;d
182;pilihanganda;UNDERWRITING ;Quiz;SURVEYOR ;NEOP SURVEYOR;Apa aja yang harus diperhatikan ? ;;;"Jaminan yang diberikan sebagai cara untuk memperkecil risiko yang ditanggung
oleh kreditur";Capacity ;Character;Collateral;Capital ;c
183;pilihanganda;UNDERWRITING ;Quiz;SURVEYOR ;NEOP SURVEYOR;Apa aja yang harus diperhatikan ? ;;;"Faktor eksternal yang mempengaruhi kemampuan debitur memenuhi kewajiban
kreditnya.";Capacity ;Character;Condition ;Collateral ;c
184;pilihanganda;UNDERWRITING ;Quiz;SURVEYOR ;NEOP SURVEYOR;Apa aja yang harus diperhatikan ? ;;;"Reputasi debitur, pengalaman, dan nilai-nilai etika yang mengambarkan watak
dan itikad debitur";Capacity ;Character;Condition ;Collateral ;b
185;pilihanganda;UNDERWRITING ;Quiz;RCCA;NEOP RCCA;Apa aja yang dikerjakan ? ;;;Penggalian informasi secara khusus untuk pembiayaan Syariah antara lain ;Tujuan penggunaan unit ;pekerjaan ;Usaha customer ;Semua benar;d
186;pilihanganda;UNDERWRITING ;Quiz;RCCA;NEOP RCCA;Apa aja yang dikerjakan ? ;;;Untukpenggunaan unit  pembiayaan unit Syariah, unit tidak diperbolehkan untuk ;Angkut batu bara ;Transportasi umum ;Usaha rental ;Angkut minuman keras;d
187;pilihanganda;UNDERWRITING ;Quiz;RCCA;NEOP RCCA;Apa aja yang dikerjakan ? ;;;Dalam ketentuan survey, total pengajuan ? 5 unit reguler yang wajib melakukan survey adalah ;Surveyor ;BUH ;RCCA;Surveyor dan BUH ;d
188;pilihanganda;UNDERWRITING ;Quiz;RCCA;NEOP RCCA;Apa aja yang dikerjakan ? ;;;Aturan DP untuk unit produktif & Non Produktif adalah ;15%;20%;25%;30%;b
189;pilihanganda;UNDERWRITING ;Quiz;RCCA;NEOP RCCA;Apa aja yang dikerjakan ? ;;;Aturan Skema kredit untuk retail regular antara lain : ;Total AR ? 1.5 M ;Total AR ? 3 M;Total AR ? 5 M;Total AR ? 1 M;a
190;pilihanganda;UNDERWRITING ;Quiz;RCCA;NEOP RCCA;Apa aja yang dikerjakan ? ;;;Yang dapat melakukan monitoring pemakaian cap override di cabang adalah ;SOH ;SH ;BM ;BM dan OH ;d
191;pilihanganda;UNDERWRITING ;Quiz;RCCA;NEOP RCCA;Apa aja yang dikerjakan ? ;;;Penentuan batas cap override cabang adalah ;performance booking ;performance override ;performance berdasarkan F9PD ;semua benar ;d 
192;pilihanganda;UNDERWRITING ;Quiz;RCCA;NEOP RCCA;Apa aja yang harus diperhatikan ? ;;;"Analisa dari seluruh ASET/HARTA YANG DIMILIKI sebagai hasil dari usaha yang dilakukan
dan juga seluruh ASET OPERASIONAL yang digunakan dalam kegiatan usaha";Capacity ;Character;Collateral;Capital ;d
193;pilihanganda;UNDERWRITING ;Quiz;RCCA;NEOP RCCA;Apa aja yang harus diperhatikan ? ;;;"Jaminan yang diberikan sebagai cara untuk memperkecil risiko yang ditanggung
oleh kreditur";Capacity ;Character;Collateral;Capital ;c
194;pilihanganda;UNDERWRITING ;Quiz;RCCA;NEOP RCCA;Apa aja yang harus diperhatikan ? ;;;"Faktor eksternal yang mempengaruhi kemampuan debitur memenuhi kewajiban
kreditnya.";Capacity ;Character;Condition ;Collateral ;c
195;pilihanganda;UNDERWRITING ;Quiz;RCCA;NEOP RCCA;Apa aja yang harus diperhatikan ? ;;;"Reputasi debitur, pengalaman, dan nilai-nilai etika yang mengambarkan watak
dan itikad debitur";Capacity ;Character;Condition ;Collateral ;b
196;pilihanganda;UNDERWRITING ;Quiz;RCCA;NEOP RCCA;Apa aja yang harus diperhatikan ? ;;;Yang termasuk pihak ke3 dalam tahapan survey untuk kategori perorangan adalah ;Tetangga ;Mertua ;Anak ;semua benar;a
197;pilihanganda;UNDERWRITING ;Quiz;RCCA;NEOP RCCA;Apa aja yang harus diperhatikan ? ;;;pada proses survey, dalam parameter rumah, ada 3 fokus yang harus diperhatikan yaitu ;Kondisi rumah ;Akses ;Lingkungan ;semua benar;d
